_id,name,type,geo_position
52.52437,13.41053
45.50298,10.04366
51.45775,10.2384
52.67982,13.58708
52.5548,13.28903
52.3887261,13.5180874
52.525589,13.369548
52.510972,13.434567
